{"cameraMode":{"drawMode":0,"name":"Shaded","section":"Shading Mode"},"sceneLighting":true,"audioPlay":false,"sceneViewState":{"m_AlwaysRefresh":false,"showFog":true,"showSkybox":true,"showFlares":true,"showImageEffects":true,"showParticleSystems":true,"showVisualEffectGraphs":true,"m_FxEnabled":true},"in2DMode":false,"pivot":{"x":0.024351492524147035,"y":0.0056799352169036869,"z":-0.039996739476919177},"rotation":{"x":-0.21772605180740357,"y":0.5744830369949341,"z":-0.16197621822357179,"w":-0.7722420692443848},"size":0.0854485034942627,"orthographic":false}